[1426,7622,7654,7720,3059,2,2,1,1,2,2,2,14020];Хриза Нага;Сборка от Нага
[6834,6834,6834,1426,3042,2,2,1,2,3,1,0,14030];Тест1;Сборка для чего-то там
[1426,7622,7654,7720];Фракция без класса;
[6600,1150,7365,6498,3084,2,2,1,2,3,1,0,14030];Тест2;
[7446,1426,6638,6749,3065,3,1,2,3,2,2,0,14022];фиолетовый
[6146,1426,6638,7446,3049,3,1,2,3,2,2,0,14022];фиолетовый
[1426,7446,6638,7353,3053,3,1,2,3,2,2,0,14022];зеленый
[1426,7688,7376,6978,3057,3,1,2,3,2,2,0,14022];нежить
[6754,1426,7576,6755,3044,3,1,2,3,2,2,0,14022];стрикс
[7328,1426,7650,6685,3079,3,1,2,3,2,2,0,14022];эльф
[7572,1128,7030,7499,3079,3,1,2,3,2,2,0,14022];Дервний кет
[6835,6835,7791,1426,3043,3,1,2,3,2,2,0,14022];Ракша
